-- MySQL Script generated by MySQL Workbench
-- Sat Mar  2 09:19:03 2019
-- Model: New Model    Version: 1.0
-- MySQL Workbench Forward Engineering

SET @OLD_UNIQUE_CHECKS=@@UNIQUE_CHECKS, UNIQUE_CHECKS=0;
SET @OLD_FOREIGN_KEY_CHECKS=@@FOREIGN_KEY_CHECKS, FOREIGN_KEY_CHECKS=0;
SET @OLD_SQL_MODE=@@SQL_MODE, SQL_MODE='ONLY_FULL_GROUP_BY,STRICT_TRANS_TABLES,NO_ZERO_IN_DATE,NO_ZERO_DATE,ERROR_FOR_DIVISION_BY_ZERO,NO_ENGINE_SUBSTITUTION';

-- -----------------------------------------------------
-- Schema blog
-- -----------------------------------------------------

-- -----------------------------------------------------
-- Schema blog
-- -----------------------------------------------------
CREATE SCHEMA IF NOT EXISTS `blog` DEFAULT CHARACTER SET utf8 ;
USE `blog` ;

-- -----------------------------------------------------
-- Table `blog`.`author`
-- -----------------------------------------------------
DROP TABLE IF EXISTS `blog`.`author` ;

CREATE TABLE IF NOT EXISTS `blog`.`author` (
  `uuid` VARCHAR(255) NOT NULL,
  `name` VARCHAR(255) NULL,
  `email` VARCHAR(255) NULL,
  `password` VARCHAR(255) NULL,
  `created_at` DATETIME NULL DEFAULT CURRENT_TIMESTAMP,
  `updated_at` DATETIME NULL DEFAULT CURRENT_TIMESTAMP,
  `deleted_at` DATETIME NULL,
  PRIMARY KEY (`uuid`))
ENGINE = InnoDB;


-- -----------------------------------------------------
-- Table `blog`.`post`
-- -----------------------------------------------------
DROP TABLE IF EXISTS `blog`.`post` ;

CREATE TABLE IF NOT EXISTS `blog`.`post` (
  `uuid` VARCHAR(45) NOT NULL,
  `title` VARCHAR(255) NULL,
  `content` MEDIUMTEXT NULL,
  `author_uuid` VARCHAR(45) NULL,
  `created_at` DATETIME NULL DEFAULT CURRENT_TIMESTAMP,
  `updated_at` DATETIME NULL DEFAULT CURRENT_TIMESTAMP,
  `deleted_at` DATETIME NULL,
  PRIMARY KEY (`uuid`),
  INDEX `post_author` (`author_uuid` ASC),
  CONSTRAINT `post_author`
    FOREIGN KEY (`author_uuid`)
    REFERENCES `blog`.`author` (`uuid`)
    ON DELETE CASCADE
    ON UPDATE CASCADE)
ENGINE = InnoDB;


-- -----------------------------------------------------
-- Table `blog`.`visitor`
-- -----------------------------------------------------
DROP TABLE IF EXISTS `blog`.`visitor` ;

CREATE TABLE IF NOT EXISTS `blog`.`visitor` (
  `uuid` VARCHAR(255) NOT NULL,
  `name` VARCHAR(255) NULL,
  `email` VARCHAR(255) NULL,
  `password` VARCHAR(255) NULL,
  `created_at` DATETIME NULL DEFAULT CURRENT_TIMESTAMP,
  `updated_at` DATETIME NULL DEFAULT CURRENT_TIMESTAMP,
  `deleted_at` DATETIME NULL,
  PRIMARY KEY (`uuid`))
ENGINE = InnoDB;


-- -----------------------------------------------------
-- Table `blog`.`comment`
-- -----------------------------------------------------
DROP TABLE IF EXISTS `blog`.`comment` ;

CREATE TABLE IF NOT EXISTS `blog`.`comment` (
  `uuid` VARCHAR(255) NOT NULL,
  `content` MEDIUMTEXT NULL,
  `post_uuid` VARCHAR(255) NULL,
  `visitor_uuid` VARCHAR(45) NULL,
  `created_at` DATETIME NULL DEFAULT CURRENT_TIMESTAMP,
  `updated_at` DATETIME NULL DEFAULT CURRENT_TIMESTAMP,
  `deleted_at` DATETIME NULL,
  PRIMARY KEY (`uuid`),
  INDEX `comment_post_idx` (`post_uuid` ASC),
  INDEX `comment_visitor_idx` (`visitor_uuid` ASC),
  CONSTRAINT `comment_post`
    FOREIGN KEY (`post_uuid`)
    REFERENCES `blog`.`post` (`uuid`)
    ON DELETE CASCADE
    ON UPDATE CASCADE,
  CONSTRAINT `comment_visitor`
    FOREIGN KEY (`visitor_uuid`)
    REFERENCES `blog`.`visitor` (`uuid`)
    ON DELETE CASCADE
    ON UPDATE CASCADE)
ENGINE = InnoDB;


-- -----------------------------------------------------
-- Table `blog`.`user`
-- -----------------------------------------------------
DROP TABLE IF EXISTS `blog`.`user` ;

CREATE TABLE IF NOT EXISTS `blog`.`user` (
  `uuid` VARCHAR(255) NOT NULL,
  `name` VARCHAR(255) NULL,
  `email` VARCHAR(255) NULL,
  `password` VARCHAR(255) NULL,
  `created_at` DATETIME NULL DEFAULT CURRENT_TIMESTAMP,
  `updated_at` DATETIME NULL DEFAULT CURRENT_TIMESTAMP,
  `deleted_at` DATETIME NULL,
  PRIMARY KEY (`uuid`))
ENGINE = InnoDB;


SET SQL_MODE=@OLD_SQL_MODE;
SET FOREIGN_KEY_CHECKS=@OLD_FOREIGN_KEY_CHECKS;
SET UNIQUE_CHECKS=@OLD_UNIQUE_CHECKS;

-- -----------------------------------------------------
-- Data for table `blog`.`author`
-- -----------------------------------------------------
START TRANSACTION;
USE `blog`;
INSERT INTO `blog`.`author` (`uuid`, `name`, `email`, `password`, `created_at`, `updated_at`, `deleted_at`) VALUES ('author-1', 'author 1', 'author1@blog.cx', '1234', '2019-03-14 15:09:26', '2019-03-14 15:09:26', NULL);
INSERT INTO `blog`.`author` (`uuid`, `name`, `email`, `password`, `created_at`, `updated_at`, `deleted_at`) VALUES ('author-2', 'author 2', 'author2@blog.cx', '1234', '2019-03-14 15:09:26', '2019-03-14 15:09:26', NULL);
INSERT INTO `blog`.`author` (`uuid`, `name`, `email`, `password`, `created_at`, `updated_at`, `deleted_at`) VALUES ('author-3', 'author 3', 'author3@blog.cx', '1234', '2019-03-14 15:09:26', '2019-03-14 15:09:26', NULL);
INSERT INTO `blog`.`author` (`uuid`, `name`, `email`, `password`, `created_at`, `updated_at`, `deleted_at`) VALUES ('author-4', 'author 4', 'author4@blog.cx', '1234', '2019-03-14 15:09:26', '2019-03-14 15:09:26', NULL);

COMMIT;


-- -----------------------------------------------------
-- Data for table `blog`.`post`
-- -----------------------------------------------------
START TRANSACTION;
USE `blog`;
INSERT INTO `blog`.`post` (`uuid`, `title`, `content`, `author_uuid`, `created_at`, `updated_at`, `deleted_at`) VALUES ('post-2', 'second post', 'hello world!', 'author-1', '2019-03-14 15:09:26', '2019-03-14 15:09:26', NULL);
INSERT INTO `blog`.`post` (`uuid`, `title`, `content`, `author_uuid`, `created_at`, `updated_at`, `deleted_at`) VALUES ('post-1', 'first post', 'hello moon!', 'author-1', '2019-03-14 15:09:26', '2019-03-14 15:09:26', NULL);
INSERT INTO `blog`.`post` (`uuid`, `title`, `content`, `author_uuid`, `created_at`, `updated_at`, `deleted_at`) VALUES ('post-3', 'third post', 'hello mars!', 'author-2', '2019-03-14 15:09:26', '2019-03-14 15:09:26', NULL);
INSERT INTO `blog`.`post` (`uuid`, `title`, `content`, `author_uuid`, `created_at`, `updated_at`, `deleted_at`) VALUES ('post-4', 'fourthpost', 'hello moon!', 'author-3', '2019-03-14 15:09:26', '2019-03-14 15:09:26', NULL);

COMMIT;


-- -----------------------------------------------------
-- Data for table `blog`.`visitor`
-- -----------------------------------------------------
START TRANSACTION;
USE `blog`;
INSERT INTO `blog`.`visitor` (`uuid`, `name`, `email`, `password`, `created_at`, `updated_at`, `deleted_at`) VALUES ('visitor-1', 'visitor 1', 'visitor1@blog.cx', '1234', '2019-03-14 15:09:26', '2019-03-14 15:09:26', NULL);
INSERT INTO `blog`.`visitor` (`uuid`, `name`, `email`, `password`, `created_at`, `updated_at`, `deleted_at`) VALUES ('visitor-2', 'visitor 2', 'visitor2@blog.cx', '1234', '2019-03-14 15:09:26', '2019-03-14 15:09:26', NULL);
INSERT INTO `blog`.`visitor` (`uuid`, `name`, `email`, `password`, `created_at`, `updated_at`, `deleted_at`) VALUES ('visitor-3', 'visitor 3', 'visitor3@blog.cx', '1234', '2019-03-14 15:09:26', '2019-03-14 15:09:26', NULL);
INSERT INTO `blog`.`visitor` (`uuid`, `name`, `email`, `password`, `created_at`, `updated_at`, `deleted_at`) VALUES ('visitor-4', 'visitor 4', 'visitor4@blog.cx', '1234', '2019-03-14 15:09:26', '2019-03-14 15:09:26', NULL);

COMMIT;


-- -----------------------------------------------------
-- Data for table `blog`.`comment`
-- -----------------------------------------------------
START TRANSACTION;
USE `blog`;
INSERT INTO `blog`.`comment` (`uuid`, `content`, `post_uuid`, `visitor_uuid`, `created_at`, `updated_at`, `deleted_at`) VALUES ('comment-1', 'this is my comment', 'post-1', 'visitor-1', '2019-03-14 15:09:26', '2019-03-14 15:09:26', NULL);
INSERT INTO `blog`.`comment` (`uuid`, `content`, `post_uuid`, `visitor_uuid`, `created_at`, `updated_at`, `deleted_at`) VALUES ('comment-2', 'second comment on first post', 'post-1', 'visitor-2', '2019-03-14 15:09:26', '2019-03-14 15:09:26', NULL);
INSERT INTO `blog`.`comment` (`uuid`, `content`, `post_uuid`, `visitor_uuid`, `created_at`, `updated_at`, `deleted_at`) VALUES ('comment-3', 'first comment second post', 'post-2', 'visitor-2', '2019-03-14 15:09:26', '2019-03-14 15:09:26', NULL);
INSERT INTO `blog`.`comment` (`uuid`, `content`, `post_uuid`, `visitor_uuid`, `created_at`, `updated_at`, `deleted_at`) VALUES ('comment-4', '1st comment third post', 'post-3', 'visitor-3', '2019-03-14 15:09:26', '2019-03-14 15:09:26', NULL);
INSERT INTO `blog`.`comment` (`uuid`, `content`, `post_uuid`, `visitor_uuid`, `created_at`, `updated_at`, `deleted_at`) VALUES ('comment-5', '1st comment fourth post', 'post-4', 'visitor-1', '2019-03-14 15:09:26', '2019-03-14 15:09:26', NULL);
INSERT INTO `blog`.`comment` (`uuid`, `content`, `post_uuid`, `visitor_uuid`, `created_at`, `updated_at`, `deleted_at`) VALUES ('comment-6', '2nd comment 4th post', 'post-4', 'visitor-2', '2019-03-14 15:09:26', '2019-03-14 15:09:26', NULL);
INSERT INTO `blog`.`comment` (`uuid`, `content`, `post_uuid`, `visitor_uuid`, `created_at`, `updated_at`, `deleted_at`) VALUES ('comment-7', '3rd comment 4th post', 'post-4', 'visitor-3', '2019-03-14 15:09:26', '2019-03-14 15:09:26', NULL);
INSERT INTO `blog`.`comment` (`uuid`, `content`, `post_uuid`, `visitor_uuid`, `created_at`, `updated_at`, `deleted_at`) VALUES ('comment-8', '4thcomment 4th post', 'post-4', 'visitor-4', '2019-03-14 15:09:26', '2019-03-14 15:09:26', NULL);

COMMIT;


-- -----------------------------------------------------
-- Data for table `blog`.`user`
-- -----------------------------------------------------
START TRANSACTION;
USE `blog`;
INSERT INTO `blog`.`user` (`uuid`, `name`, `email`, `password`, `created_at`, `updated_at`, `deleted_at`) VALUES ('user-1', 'user 1', 'user1@blog.cx', '$2y$10$l500MUKgD3lOJHPej.AdeOsCwHHE3s4fDxTuYFdzc/Gdpryo391ui', '2019-03-14 15:09:26', '2019-03-14 15:09:26', NULL);

COMMIT;

